<?xml version="1.0" encoding="UTF-8"?>
<beans xmlns="http://www.springframework.org/schema/beans"
	xmlns:xsi="http://www.w3.org/2001/XMLSchema-instance"
	xsi:schemaLocation="http://www.springframework.org/schema/beans
http://www.springframework.org/schema/beans/spring-beans.xsd">

	<bean id="mailSender" class="org.springframework.mail.javamail.JavaMailSenderImpl">
		<property name="host" value="smtp.gmail.com" />
		<property name="port" value="465" />
		<property name="username" value="YOUR_EMAIL_ID" />
		<property name="password" value="YOUR_PASSWORD" />

		<property name="javaMailProperties">
			<props>
				<prop key="mail.smtp.auth">true</prop>
				<prop key="mail.smtp.starttls.enable">true</prop>
			</props>
		</property>
	</bean>

	<bean id="mailMail" class="com.cart.controller.MailController">
		<property name="mailSender" ref="mailSender" />
	</bean>
</beans>
